Rank,Condition,Test weighted F1,Val weighted F1
1,A1: Autoencoder + MLP,0.9102735250857021,0.9020393966407878
2,B1: Pooling + MLP,0.9088057748204651,0.9045729218919513
3,A2: Autoencoder + FT-Transformer,0.576950480336224,0.5618939362868653
4,B2: Pooling + FT-Transformer,0.5609369399314159,0.5500936702381197
